-- Insert into customer table
insert into CUSTOMER(CUSTOMER_ID, FIRST_NAME, LAST_NAME, ADDRESS, BILLING_INFO)
VALUES(1, 'Mike', 'Rodgers', '123 Mimosa Dr', '1234-1234-1234-1234 098 01/23');
insert into CUSTOMER(CUSTOMER_ID, FIRST_NAME, LAST_NAME, ADDRESS, BILLING_INFO)
VALUES(2, 'George', 'Tree', '555 Northwest St', '2468-2468-2468-2468 222 05/24');
insert into CUSTOMER(CUSTOMER_ID, FIRST_NAME, LAST_NAME, ADDRESS, BILLING_INFO)
VALUES(3, 'Jessie', 'Birch', '666 Holly St', '4444-4444-4444-4444 357 03/24');
insert into CUSTOMER(CUSTOMER_ID, FIRST_NAME, LAST_NAME, ADDRESS, BILLING_INFO)
VALUES(4, 'Mae', 'Justice', '929 York St', '5533-7733-2244-7788 246 07/25');
insert into CUSTOMER(CUSTOMER_ID, FIRST_NAME, LAST_NAME, ADDRESS, BILLING_INFO)
VALUES(5, 'Kenna', 'James', '456 Bee Blvd', '6543-3543-3592 09/24');

-- Insert into movies table
insert into MOVIES(MOVIE_ID, MOVIE_TITLE, MOVIE_RUNTIME, MOVIE_RATING)
VALUES(1, 'Big Cat Ruler', '87 minutes', 'G');
insert into MOVIES(MOVIE_ID, MOVIE_TITLE, MOVIE_RUNTIME, MOVIE_RATING)
VALUES(2, 'White Goose', '108 minutes', 'R');
insert into MOVIES(MOVIE_ID, MOVIE_TITLE, MOVIE_RUNTIME, MOVIE_RATING)
VALUES(3, 'Fa Fa Land', '128 minutes', 'PG-13');
insert into MOVIES(MOVIE_ID, MOVIE_TITLE, MOVIE_RUNTIME, MOVIE_RATING)
VALUES(4, 'Nothing Nowhere At Different Times', '139 minutes', 'R');

-- Insert into tickets table
insert into TICKETS(TICKET_ID, TICKET_COST, TICKET_AMOUNT, TOTAL_TICKET_COST, MOVIE_ID, CUSTOMER_ID)
VALUES(1, 7.99, 1, 7.99, 2, 3);
insert into TICKETS(TICKET_ID, TICKET_COST, TICKET_AMOUNT, TOTAL_TICKET_COST, MOVIE_ID, CUSTOMER_ID)
VALUES(2, 10.99, 1, 10.99, 4, 5);
insert into TICKETS(TICKET_ID, TICKET_COST, TICKET_AMOUNT, TOTAL_TICKET_COST, MOVIE_ID, CUSTOMER_ID)
VALUES(3, 10.99, 2, 21.98, 3, 2);
insert into TICKETS(TICKET_ID, TICKET_COST, TICKET_AMOUNT, TOTAL_TICKET_COST, MOVIE_ID, CUSTOMER_ID)
VALUES(4, 7.99, 2, 15.98, 1, 4);
insert into TICKETS(TICKET_ID, TICKET_COST, TICKET_AMOUNT, TOTAL_TICKET_COST, MOVIE_ID, CUSTOMER_ID)
VALUES(5, 10.99, 4, 43.96, 4, 1);

-- Insert into concessions table
insert into CONCESSIONS(CONCESSIONS_ID, CONCESSIONS_ITEMS, CONCESSIONS_TOTAL, CUSTOMER_ID)
VALUES(1, 'Popcorn, Soda, Candy Bar, Nachos', 42.19, 5);
insert into CONCESSIONS(CONCESSIONS_ID, CONCESSIONS_ITEMS, CONCESSIONS_TOTAL, CUSTOMER_ID)
VALUES(2, 'Soda, Pickle', 16.47, 2);
insert into CONCESSIONS(CONCESSIONS_ID, CONCESSIONS_ITEMS, CONCESSIONS_TOTAL, CUSTOMER_ID)
VALUES(3, 'Soda, Water', 12.53, 3);



